hsize,hdepth,dropout,lr,bs,ep,vsplit,train_acc,val_acc,test_acc,train_loss,val_loss,test_loss,rtime
7,3,0.1,0.001,128,20,0.2,79.59637641906738,80.12889623641968,28.30837368965149,0.4918224513530731,0.4972030818462372,1.724796175956726,25.67476280899973
7,3,0.3,0.001,128,20,0.2,79.38535809516907,79.42304611206055,78.75030636787415,0.445546418428421,0.5717246532440186,0.6386339068412781,21.465680280000015
7,4,0.1,0.001,128,20,0.2,79.3163001537323,79.86803650856018,55.462801456451416,0.49554166197776794,0.49836355447769165,0.8193766474723816,21.39131515599911
7,4,0.3,0.001,128,20,0.2,79.35082912445068,79.71459031105042,79.08175587654114,0.4976857602596283,0.49755436182022095,0.5008950233459473,22.1726474649995
8,3,0.1,0.001,128,20,0.2,79.28176522254944,79.33098077774048,30.30935525894165,0.45052334666252136,0.47683554887771606,1.5373042821884155,19.122756149000452
8,3,0.3,0.001,128,20,0.2,78.44536304473877,79.48442697525024,78.90989184379578,0.5167085528373718,0.5174522399902344,0.5143850445747375,21.736821663999763
8,4,0.1,0.001,128,20,0.2,79.41988706588745,79.68390583992004,78.45568656921387,0.44870078563690186,0.4799759089946747,0.4748530089855194,42.15265627700046
8,4,0.3,0.001,128,20,0.2,79.1513204574585,79.43839430809021,67.86152720451355,0.5048938989639282,0.5002933144569397,1.154160976409912,21.214406539000265
