hsize,hdepth,dropout,lr,bs,ep,vsplit,train_acc,val_acc,test_acc,train_loss,val_loss,test_loss,rtime
7,3,0.1,0.001,128,20,0.2,79.596375,80.1289,28.308374,0.49182245,0.49720308,1.7247962,46.741764
7,3,0.3,0.001,128,20,0.2,79.38536,79.42305,78.750305,0.44554642,0.57172465,0.6386339,21.75869
7,4,0.1,0.001,128,20,0.2,79.3163,79.868034,55.462803,0.49554166,0.49836355,0.81937665,21.697035
7,4,0.3,0.001,128,20,0.2,79.35083,79.71459,79.08176,0.49768576,0.49755436,0.500895,42.19131
8,3,0.1,0.001,128,20,0.2,79.28177,79.33098,30.309355,0.45052335,0.47683555,1.5373043,21.491909
8,3,0.3,0.001,128,20,0.2,78.445366,79.48443,78.90989,0.51670855,0.51745224,0.51438504,21.763592
8,4,0.1,0.001,128,20,0.2,79.41988,79.68391,78.45569,0.4487008,0.4799759,0.474853,21.799553
8,4,0.3,0.001,128,20,0.2,79.15132,79.43839,67.86153,0.5048939,0.5002933,1.154161,22.051376
